Country Name,Country Code,Series Name,Series Code,1960 [YR1960],1961 [YR1961],1962 [YR1962],1963 [YR1963],1964 [YR1964],1965 [YR1965],1966 [YR1966],1967 [YR1967],1968 [YR1968],1969 [YR1969],1970 [YR1970],1971 [YR1971],1972 [YR1972],1973 [YR1973],1974 [YR1974],1975 [YR1975],1976 [YR1976],1977 [YR1977],1978 [YR1978],1979 [YR1979],1980 [YR1980],1981 [YR1981],1982 [YR1982],1983 [YR1983],1984 [YR1984],1985 [YR1985],1986 [YR1986],1987 [YR1987],1988 [YR1988],1989 [YR1989],1990 [YR1990],1991 [YR1991],1992 [YR1992],1993 [YR1993],1994 [YR1994],1995 [YR1995],1996 [YR1996],1997 [YR1997],1998 [YR1998],1999 [YR1999],2000 [YR2000],2001 [YR2001],2002 [YR2002],2003 [YR2003],2004 [YR2004],2005 [YR2005],2006 [YR2006],2007 [YR2007],2008 [YR2008],2009 [YR2009],2010 [YR2010],2011 [YR2011],2012 [YR2012],2013 [YR2013],2014 [YR2014],2015 [YR2015],2016 [YR2016],2017 [YR2017],2018 [YR2018],2019 [YR2019],2020 [YR2020],2021 [YR2021],2022 [YR2022],2023 [YR2023],2024 [YR2024],2025 [YR2025]
Brazil,BRA,"Agriculture, forestry, and fishing, value added (% of GDP)",NV.AGR.TOTL.ZS,0,0,0,0,0,0,0,0,0,0,0,0,0,0,0,0,0,0,0,0,0,11.4508006149716,5.6490539026237,10.0561007922548,11.8573320632089,11.1453640115501,10.3636386654384,9.36152021128553,9.79723660427779,8.44158737716968,6.96343671917276,6.84138937730153,6.80608488408303,6.77810923883982,8.72198937517673,5.01166646465693,4.76841121077967,4.68504702949228,4.7500447835131,4.64598154008681,4.75045997570861,4.80104301642181,5.47527489339298,6.1671843856504,5.66531157603221,4.65116882283132,4.3700437788908,4.41691543634403,4.56785118025741,4.47677399209847,4.11575648779356,4.34203412783304,4.16832822439069,4.50688618256533,4.32561053879483,4.31914942964047,4.89135358790863,4.60059169568986,4.4203993038464,4.20501409463474,5.71148511499007,6.5587626121061,5.76747490819457,6.02306023526246,5.75227640931944,6.08621695565171
Brazil,BRA,"Industry (including construction), value added (% of GDP)",NV.IND.TOTL.ZS,0,0,0,0,0,0,0,0,0,0,0,0,0,0,0,0,0,0,0,46.1313726538209,43.9725400282911,45.8032024598864,45.1924312209896,42.7384283670828,46.6388394486218,43.5300066111487,42.0041415606782,42.8945846718162,42.2697313812777,42.2838305792496,33.2718794578641,31.7672428092758,34.1322718402493,37.2991204114669,35.4209197179743,23.3814603902749,22.340114560034,22.5941476157036,22.1187903791379,21.746711247782,23.0066186321239,22.6395279130452,22.4953278200255,23.0838178175003,24.306623290035,24.1725782826681,23.5440216722512,23.1253804073443,23.0852937526002,21.8785926263461,23.2679773559416,23.1020509663714,22.1336473653626,21.2248099514406,20.4724627471447,19.3600439818506,18.3547582766688,18.188502309123,18.7490514528298,18.754627572495,19.5061183894885,22.1234751955181,22.819456851691,22.1441739234284,20.9406935314976,20.1499461312909
Brazil,BRA,"Manufacturing, value added (% of GDP)",NV.IND.MANF.ZS,0,0,0,0,0,0,0,0,0,0,0,0,0,0,0,0,0,0,0,46.1313726538209,21.9862700141455,34.3524018449148,33.8943234157422,32.682327574828,33.9910185811989,32.3846425995985,30.6983539256546,29.892473267253,29.9772291651391,29.2608957285905,22.8281314523658,21.839067113426,23.3085964339674,26.0497364772714,23.7212337008806,14.5422791502638,13.0671912422053,13.0186253775094,12.1551371990664,12.3085333278888,13.1346595913847,13.0895379357967,12.3569626659174,14.4507645634139,15.0995301566951,14.7382811396728,14.1089458704485,14.1542648057288,13.9551769000753,13.0594621488915,12.7218596106703,11.7837976692113,10.6759423074609,10.4796122911618,10.3370973963623,10.5209374571105,10.7864511144495,10.7214980093214,10.5284573770078,10.3325005328998,10.692931568332,11.9043730112478,13.0740816282273,13.2531636224002,12.1108065153855,11.7722632755736
Brazil,BRA,"Manufacturing, value added (annual % growth)",NV.IND.MANF.KD.ZG,..,11.1000000009932,8.10000000014226,-0.200000000374359,4.9999999998295,-4.69999999958429,11.6999999994491,2.20000000050237,14.1999999994945,11.2000000000488,11.9000000000972,11.8599999999997,13.9499999999998,16.6199999999999,7.75000000000017,3.80999999999993,12.1199999999999,2.27000000000004,6.11000000000008,6.85999999999989,9.11000000000027,-10.3937007874018,-0.172957290707657,-5.84323040380032,6.17023802457393,8.35825902216764,11.281376570441,0.959755192878362,-3.43283582089569,2.87956247770794,-9.46470669810033,0.149381862987852,-4.14574614545153,8.3096662797787,6.95405100986545,1.99421606410898,0.0802207622298425,2.49340783042651,-4.84114432358929,-1.86260103740246,5.68958372325407,0.713388265638315,2.0930049375448,2.65936944930047,9.08282065320651,2.24270792531978,1.23359974393176,6.14130942001745,4.14954925869489,-9.26395623193726,9.19003493298337,2.24718419264008,-2.37869010665511,3.01330101667483,-4.68703297639247,-8.48427120815636,-4.76702289394602,2.30954190752686,1.39279554745511,-0.425804288807129,-4.66651472080814,3.77761034574323,-0.546624449215813,-1.27290347262139,3.87269877186993,-0.155256291465804
Brazil,BRA,High-technology exports (% of manufactured exports),TX.VAL.TECH.MF.ZS,..,..,..,..,..,..,..,..,..,..,..,..,..,..,..,..,..,..,..,..,..,..,..,..,..,..,..,..,..,..,..,..,..,..,..,..,..,..,..,..,..,..,..,..,..,..,..,12.6278356939529,12.761526959305,14.7587820517537,12.590146869358,11.1409081379377,11.8872212915256,11.9698618012495,12.3711688680768,14.4858996246715,16.0001642772964,14.3118892236086,14.7442418256611,14.0668052120423,11.3500942678804,9.00155420026002,9.11134627987528,9.849149349554,11.1103644206652,..
Brazil,BRA,"Services, value added (% of GDP)",NV.SRV.TOTL.ZS,0,0,0,0,0,0,0,0,0,0,0,0,0,0,0,0,0,0,76.02469584091,46.1313726538209,43.9725400282911,45.8032024598864,45.1924312209896,42.7384283670828,43.4768842317661,41.4271077410449,40.6694305204324,41.2352675973291,44.7820179045428,48.3673092660952,60.4966083040231,60.5497130345354,68.3574513681691,73.3378800322126,56.8943424724272,58.1214163702779,60.3188797926266,60.6057128117431,61.1185930442759,60.2036566282485,58.251861249965,57.7136922463033,57.3481454732969,56.3578281380465,54.9204711078884,56.0758916060326,57.1381272138218,57.7262362176441,56.8048617742178,59.1450592182315,57.6129219708142,57.5681693201729,58.733602508431,59.6787579933734,61.2509740086137,62.3078671738493,63.2036958324333,63.33867286247,62.6533503532075,63.067849250681,61.4484446407781,56.9133841887799,58.0872310744068,59.1789358567535,59.1707527173878,59.7388368058983
United States,USA,"Agriculture, forestry, and fishing, value added (% of GDP)",NV.AGR.TOTL.ZS,..,..,..,..,..,..,..,..,..,..,..,..,..,..,..,..,..,..,..,..,..,..,..,..,..,..,..,..,..,..,..,..,..,..,..,..,..,1.33691209333386,1.21399707177139,1.15124131310291,1.1505549143143,1.12925705700728,0.973712301131986,1.1210468251509,1.26548334003973,1.15050675283148,1.00948747512139,1.07512389607238,1.05300030562235,0.960285754997542,1.02943688973818,1.20055880447177,1.14932980065793,1.31815003575389,1.16824049198161,1.02890409132672,0.937140437714336,0.940362226343714,0.898498260790929,0.83262086291437,0.934873150907349,0.942961672907101,..,..,..,..
United States,USA,"Industry (including construction), value added (% of GDP)",NV.IND.TOTL.ZS,..,..,..,..,..,..,..,..,..,..,..,..,..,..,..,..,..,..,..,..,..,..,..,..,..,..,..,..,..,..,..,..,..,..,..,..,..,23.1321077622147,22.6705607870047,22.5586035635123,22.4515773169165,21.4690060196019,20.6524748771812,20.7394622854375,20.9500317503296,21.2062733847798,21.5869679549535,21.4238805413318,20.7935016115926,19.2684745484325,19.3102488269796,19.4074975198292,19.1626139460083,19.1988903588794,19.2684337605714,18.4967127664639,17.9368724917791,18.3087442284361,18.5195461519261,18.1454838448797,17.2505706989302,17.5751653495616,..,..,..,..
United States,USA,"Manufacturing, value added (% of GDP)",NV.IND.MANF.ZS,..,..,..,..,..,..,..,..,..,..,..,..,..,..,..,..,..,..,..,..,..,..,..,..,..,..,..,..,..,..,..,..,..,..,..,..,..,16.0871819838574,15.7743273531839,15.4590709001978,15.1150690882174,13.9193104206237,13.4528837394598,13.3165025029569,13.1741780601703,12.9833217030159,12.9907263775984,12.7697556443079,12.2167268184361,11.6987879252113,11.9060799107128,11.9472438629074,11.8575622570978,11.7719128367022,11.6174420373125,11.6055807430427,11.1581029329942,11.1814907295506,11.2802494089516,10.9764075104612,10.4725237062381,10.5250313827085,..,..,..,..
United States,USA,"Manufacturing, value added (annual % growth)",NV.IND.MANF.KD.ZG,..,..,..,..,..,..,..,..,..,..,..,..,..,..,..,..,..,..,..,..,..,..,..,..,..,..,..,..,..,..,..,..,..,..,..,..,..,..,..,..,..,..,..,..,..,..,..,..,..,..,..,..,..,..,..,..,..,..,..,..,..,..,..,..,..,..
United States,USA,High-technology exports (% of manufactured exports),TX.VAL.TECH.MF.ZS,..,..,..,..,..,..,..,..,..,..,..,..,..,..,..,..,..,..,..,..,..,..,..,..,..,..,..,..,..,..,..,..,..,..,..,..,..,..,..,..,..,..,..,..,..,..,..,29.8991351588255,28.4192806106129,24.3626446890131,22.6194775165319,20.624916162211,20.174250704896,20.188635370966,20.4843982208576,21.3904480368657,22.4192942002286,19.2659699620243,18.4842699258676,18.6853939276571,19.4939761609452,19.9014614131792,20.5789833007379,21.8459878355521,24.322982844202,..
United States,USA,"Services, value added (% of GDP)",NV.SRV.TOTL.ZS,..,..,..,..,..,..,..,..,..,..,..,..,..,..,..,..,..,..,..,..,..,..,..,..,..,..,..,..,..,..,..,..,..,..,..,..,..,71.8090492019168,72.4198294636204,72.6898605797924,72.8184193038851,74.0174745738702,74.8637351831458,74.6040475103544,74.1637695179811,74.0256951405827,73.7013894817179,73.9220562298729,74.6195153820665,76.514323590297,76.2771861278755,75.9014773523032,76.1638107920711,75.6476660748857,75.580105062784,76.3690739266245,76.987521420599,76.5036033516448,76.2769100268409,76.6113712908395,76.9867058496213,76.2563816410471,..,..,..,..
China,CHN,"Agriculture, forestry, and fishing, value added (% of GDP)",NV.AGR.TOTL.ZS,23.1249575782258,35.7194914567981,38.9027217309178,39.7713646174754,37.9574930399946,37.4798526364264,37.1141649048626,39.7351730277067,41.5646102781275,37.4523070661851,34.7420513269686,33.578511053316,32.3645609231371,32.8732884155618,33.3733493397359,31.9022435371021,32.3055852485302,28.9426798550101,27.6396049419236,30.6528466741332,29.58158601954,31.2594240378587,32.7232822349357,32.5056266837961,31.4795879134441,27.8824106473305,26.5896908592427,26.2744881224326,25.1945125302504,24.5682804386984,26.5326691193891,23.962990054778,21.2498856848723,19.2285186084752,19.384707585823,19.49813596726,19.2192456606094,17.7815242281084,17.0254631760262,15.921591740544,14.5272519499825,13.8221069560341,13.1294938258189,12.1757600914927,12.7288429360401,11.4828123533826,10.4758623658001,10.0934194559262,10.0099770734138,9.47299581661597,9.16649906130733,9.0338458593332,8.96505673533992,8.78442131602471,8.48242940933654,8.22401359479525,7.90065017505416,7.32839239286042,6.91714289236836,7.00621575788341,7.54018198521241,7.08935251618004,7.14788692830171,6.88951941080068,6.7975741844132,6.65869070601804
China,CHN,"Industry (including construction), value added (% of GDP)",NV.IND.TOTL.ZS,44.2951197990905,31.8649283342781,31.2440971924101,33.0002398273243,35.2617641067427,35.0276306700437,37.8118393234672,33.8266384778013,31.05184846057,35.3563616014651,40.2075851799947,41.8522431729519,42.6990025425386,42.7551981453307,42.3628274839348,45.2879151200604,44.9625868519508,46.6240707747128,47.6311717596613,46.8769989847098,47.9727856278695,45.8879142657795,44.5356524686084,44.1437523298798,42.8491719516209,42.6328942507048,43.4347042423426,43.241959925714,43.4500850326178,42.4213011853574,40.9532139003469,41.3647026718439,42.9556871107431,45.9877158881844,45.9507266148475,46.5158329099716,46.8452924072089,46.7996577986912,45.4411323152105,44.9555391671381,45.0738315177586,44.276543602601,43.8758028122184,44.9827621327146,45.2328326582556,46.3816216984585,46.8865028592172,46.1852362301075,46.2364191302482,45.1788587231356,45.7066207106778,45.8002054108107,44.6820698165478,43.3938707801605,42.2827157791092,40.0475902161032,38.811156093921,39.129944350895,38.9777001747097,37.7642333162735,36.9115624066306,38.0924722040717,37.8945266620066,36.7725030223561,36.3710179811644,35.6416587106792
China,CHN,"Manufacturing, value added (% of GDP)",NV.IND.MANF.ZS,..,..,..,..,..,..,..,..,..,..,..,..,..,..,..,..,..,..,..,..,..,..,..,..,..,..,..,..,..,..,..,..,..,..,..,..,..,..,..,..,..,..,..,..,31.5101594673259,31.6564574964127,31.9945213596647,31.9005932714931,31.6169791482305,31.0611528606438,31.0748956423241,31.5623565182378,31.0143036500115,30.1275021518721,29.8300397890826,28.3889960582852,27.5237594259275,27.5998559245177,27.34341880328,26.2594662949297,25.5809804288007,26.621932558827,25.9806695043084,25.0144267929987,24.8415841892631,24.7344421687689
China,CHN,"Manufacturing, value added (annual % growth)",NV.IND.MANF.KD.ZG,..,..,..,..,..,..,..,..,..,..,..,..,..,..,..,..,..,..,..,..,..,..,..,..,..,..,..,..,..,..,..,..,..,..,..,..,..,..,..,..,..,..,..,..,..,..,..,..,..,..,..,..,..,..,..,..,..,..,..,..,..,..,..,..,..,..
China,CHN,High-technology exports (% of manufactured exports),TX.VAL.TECH.MF.ZS,..,..,..,..,..,..,..,..,..,..,..,..,..,..,..,..,..,..,..,..,..,..,..,..,..,..,..,..,..,..,..,..,..,..,..,..,..,..,..,..,..,..,..,..,..,..,..,30.2374939097036,29.4319344493349,31.9775769727453,32.1501169663397,30.5004796644425,30.8618085179503,31.5855813292794,29.7037271802947,30.4312672747562,30.2545232296357,30.9118639785891,31.5481478595353,30.8186302968419,31.2766154241293,30.2190732796596,27.7650612563156,26.5682136542881,26.2777380479223,..
China,CHN,"Services, value added (% of GDP)",NV.SRV.TOTL.ZS,32.5799226226838,32.4155802089238,29.8445951747231,27.2283955552003,26.7807428532627,27.4925166935298,25.0739957716702,26.4326249026371,27.3835412613025,27.1913313323498,25.0503634930367,24.5692457737321,24.9364365343243,24.3715134391074,24.2638231763294,22.8131261702198,22.7351683591662,24.4363211894084,24.7286148501954,22.470296065446,22.4470700872555,22.8527514308249,22.7394308641058,23.3501864898467,25.6719324227963,29.4847464320583,29.9753732491919,30.4835152220792,31.355876473064,33.0104590354445,32.5141726953505,34.6723513766996,35.7944137516669,34.7839317470554,34.6646282811662,33.9860566363987,33.9354609988007,35.4188843876597,37.5334686637807,39.1228171930281,40.398939477991,41.9013296504106,42.9947150275034,42.8414813603076,42.0383247680055,42.1355659992365,42.6376503739806,43.7213258311976,43.7535960098397,45.3481536809041,45.126871988843,45.1659405665759,46.3528742639869,47.8217057140074,49.2348611102851,51.72839163487,53.2881936644189,53.541663396795,54.1051640361573,55.2295599322538,55.5482556415912,54.8181795722183,54.9575804271762,56.3379775668432,56.831400416389,57.6996434500205
Russian Federation,RUS,"Agriculture, forestry, and fishing, value added (% of GDP)",NV.AGR.TOTL.ZS,..,..,..,..,..,..,..,..,..,..,..,..,..,..,..,..,..,..,..,..,..,..,..,..,..,..,..,..,..,15.6020942408377,15.4610369450481,13.7718984626385,7.2633640189374,7.55720377820535,6.10956103151862,6.69223108273929,6.54937524189732,5.86976214443115,5.10339314799118,6.58064760911948,5.75171562849956,5.87572156767964,5.56571375282766,5.50294605214831,4.90444194797732,4.25591600597494,3.86131247123383,3.7789017062609,3.75334118813491,4.08444869718417,3.34389824902191,3.1507257212962,2.92603087775353,2.99360048776678,3.36060548804252,3.87310448732299,3.84021728459951,3.55363208990976,3.3942533806976,3.53030291392166,4.00635163401546,3.67156378990517,3.41890901633034,3.01939316812813,2.90575318707269,3.05735752541339
Russian Federation,RUS,"Industry (including construction), value added (% of GDP)",NV.IND.TOTL.ZS,..,..,..,..,..,..,..,..,..,..,..,..,..,..,..,..,..,..,..,..,..,..,..,..,..,..,..,..,..,46.5968586387435,45.0035703197765,45.8648552020021,42.2502714360863,40.5255052183546,41.2152926729431,34.5391926383218,35.3467042522777,34.6892270441073,33.9440292391723,33.4962012517122,33.91897031752,31.8373541233321,29.0563928119662,28.6531349946058,31.7022224269588,32.6292320732921,31.7802605873621,31.2220408019737,30.7868817007532,29.3269390255444,29.999588218512,29.4135888378747,29.102868072666,28.1912891799352,27.9315270606099,29.7940599874349,29.1739050669208,30.6732968853437,32.5542980530841,32.1504958365379,29.7171245814295,31.7859991548592,32.1981219809717,30.7976211679525,31.3886729791556,29.673447748303
Russian Federation,RUS,"Manufacturing, value added (% of GDP)",NV.IND.MANF.ZS,..,..,..,..,..,..,..,..,..,..,..,..,..,..,..,..,..,..,..,..,..,..,..,..,..,..,..,..,..,..,..,..,..,..,..,..,..,..,..,..,..,..,15.1934447901759,14.3673346864676,15.2165071849086,15.6802236675119,15.2912276564636,15.1146322628327,14.9331548589743,12.8979714243795,12.8154704732559,11.4709337154407,11.4152854387593,11.0573063367208,11.3355804143996,12.3830188656764,11.700279102879,12.3127721301087,12.8198832505149,12.9692072844848,13.4028136833178,13.1326683991037,13.1487193587336,12.9579365446141,13.264172378933,13.6558110636678
Russian Federation,RUS,"Manufacturing, value added (annual % growth)",NV.IND.MANF.KD.ZG,..,..,..,..,..,..,..,..,..,..,..,..,..,..,..,..,..,..,..,..,..,..,..,..,..,..,..,..,..,..,..,..,..,..,..,..,..,..,..,..,..,..,..,8.79937060459154,8.05280369528762,4.43722963576212,6.5720709293396,7.52237852737869,-2.1222388733612,-14.6159124830763,8.60857223239167,8.59058248585714,5.18473218298161,1.40535643467847,0.761974100205506,-0.915451791661042,1.08646645443149,4.38600666508387,3.96223819301366,2.86758456514571,0.140978219897221,5.84316921657597,-2.02037507170134,7.57083914877174,8.67001486318699,3.92598973217663
Russian Federation,RUS,High-technology exports (% of manufactured exports),TX.VAL.TECH.MF.ZS,..,..,..,..,..,..,..,..,..,..,..,..,..,..,..,..,..,..,..,..,..,..,..,..,..,..,..,..,..,..,..,..,..,..,..,..,..,..,..,..,..,..,..,..,..,..,..,7.19003040640838,6.97848830225968,9.68372100443805,9.42324237619253,8.42178106569456,9.08148979631111,10.6336135964435,12.1254086015011,15.992066533226,15.7901190501232,12.3246991949294,11.3552822642706,12.9053155381414,9.19363897787208,9.72984772707015,..,..,..,..
Russian Federation,RUS,"Services, value added (% of GDP)",NV.SRV.TOTL.ZS,..,..,..,..,..,..,..,..,..,..,..,..,..,..,..,..,..,..,..,..,..,..,..,..,..,..,..,..,..,30.5933682373473,32.6120769947221,36.7093314265284,48.725712256707,42.8464496530815,44.8326084322554,52.2288034605835,49.4166548670001,50.5952152260349,51.8249193895855,49.8897679326535,49.7177094379727,51.4659539559897,53.8437413886709,53.8174550832199,50.6582705909717,48.8060444911754,49.721475563319,50.6730476139936,50.6956877769402,53.766526695736,53.1202122391884,53.7975831653192,54.5096468238003,56.121604545822,55.6848306883462,56.1424909685464,57.012325152629,56.0327684706108,53.428805517337,54.1729442140787,56.3729429025777,54.205491260364,55.0801008273453,57.4391322777167,57.7050892731262,58.8772323584113
India,IND,"Agriculture, forestry, and fishing, value added (% of GDP)",NV.AGR.TOTL.ZS,41.7413351234112,41.0924821982676,39.0659687962891,39.825351677532,41.3437167110651,39.3846972550148,40.3516512369392,42.7515580248472,42.0860273767475,41.5849235838776,40.2896134622547,38.6333911913009,38.6268263019613,41.6038246201552,38.8780587034235,35.9969148408834,34.3120367117561,35.777144264307,34.2739627109778,32.8255300200485,34.4088678062413,33.2976974188253,32.3267496865056,32.6065348775622,31.3805304117853,29.7181383564993,28.6411462697276,27.9723784011745,28.7698223693608,27.8396057996888,27.5848881365411,27.6627054102247,26.8969194477949,27.0545587671255,26.519937575032,24.4575477898552,25.199306058679,24.248674505748,24.180451549085,22.9725618865025,21.6110620465121,21.6188848861438,19.5345432709546,19.5919979784251,17.8146906487994,17.6202069548839,16.8094420944381,16.7501197597569,16.7909423598037,16.7442701563161,17.0265090136912,17.191973558015,16.8453770661356,17.1484235433697,16.7919345145039,16.1745081068401,16.3638005616331,16.5583314049368,16.031630686449,16.7555683032837,18.6685376603727,17.3725615260314,18.2106659929942,17.6565389328245,17.5735799524173,16.2342483910129
India,IND,"Industry (including construction), value added (% of GDP)",NV.IND.TOTL.ZS,20.8343434545716,21.4348439741111,22.0526001363748,21.8794758332279,20.9552885443107,21.6551050738054,21.3866171713485,20.089442878816,20.6271156642435,21.4174846344817,21.7293092919549,22.3920079066295,22.4080025875816,21.3482302903111,22.6756933966727,23.201252076254,24.480523415356,24.4002625422792,25.3244196137718,25.9922062250303,25.3362458953649,26.1029192063254,26.149804786646,26.2988432863343,26.7391386534274,26.6290712211673,26.7308358205169,26.6992365167194,26.7115838158166,27.5509934814251,27.4536954957201,26.4417201769254,26.7927432696344,26.7815542820739,27.6282012473106,28.5998094242024,27.9122703698412,27.8370307633106,27.3030378517565,26.5192933488596,27.3258283775917,26.4877773440307,27.6606541607882,27.4741071211988,29.219106305293,29.5337641914637,30.9272399435883,30.9032382510869,31.1367192409548,31.1213721116744,30.7250782285817,30.1616797630407,29.3985276965289,28.4048995600246,27.6564012026443,27.34739147794,26.6189999399789,26.5000166464804,26.4120919013735,24.5914753075066,25.1229058078344,26.466523606501,25.6040259797277,25.5525555206094,25.1722625905927,25.2049600095376
India,IND,"Manufacturing, value added (% of GDP)",NV.IND.MANF.ZS,14.7501180851245,15.3538364833701,15.8632981306598,15.7523883535285,14.8507399615767,15.0109077671991,14.5039929678896,13.2318612541203,13.5227880138949,14.146471583296,14.4565450929442,14.9822867425754,15.102549377401,15.0152853129175,16.3459133787071,15.8384866597931,16.2658888327907,16.0808689293586,17.0964405197176,17.852034489291,16.7523757975509,16.7704437520438,16.3699959373704,16.6644546925096,16.7078036003209,16.4180128626663,16.2215838096135,16.2095493538891,16.1015348492608,16.9028458965669,16.597596442222,15.6762601605127,15.8007998170807,15.9157121078439,16.764138131312,17.8658505968554,17.5963408006414,16.5185785304333,15.7193160164939,15.1805367132738,15.9270230184323,15.3070212831531,15.5587017262956,15.587386648646,15.8272457405027,15.9730170446131,17.3036533311925,16.8645677754068,17.0986741489578,17.1435776672846,17.0299342498624,16.1393374446289,15.8169230071066,15.253022692586,15.0655701107589,15.5838545863713,15.1622371332529,15.0182387501718,14.8815306673017,13.4558075633394,14.1204853576923,14.3770288531286,13.3327202623974,13.312843875072,13.1392199491326,13.4710550684648
India,IND,"Manufacturing, value added (annual % growth)",NV.IND.MANF.KD.ZG,..,8.53950518754971,7.27941176470605,9.45853324194694,6.91475087217069,0.928714859437662,0.787532123021066,0.386576739594702,5.53871364195089,10.7289806692025,2.34873448783533,3.2675709001238,3.92039800994965,4.44912549470233,2.91511336551969,2.10807600950145,8.76999127653369,6.22360049189992,12.3521417425882,-3.22118184669206,0.19442644199647,8.16962717979047,3.28815277059931,10.231988697375,4.20797101279294,3.18748976411941,5.49423951206924,5.60002171844125,8.49631239760814,8.83941725273279,4.77354551402671,-2.39846380026454,3.09018346594969,8.59134107361692,10.8211832437122,15.4614629260307,9.50127677889139,0.0511869090425989,3.1318435932713,5.39377451575692,7.29909784901113,2.27032519378486,6.86676360765024,6.33661032255091,7.38325331065973,9.34908869114692,17.7877923179772,6.98058873129321,4.66361548239502,10.9676297788235,7.69510646435864,3.12505623900019,5.45308330686353,4.96584743956596,7.89566976629774,13.0593935813959,7.9268214208404,7.52706360291219,5.41155688503716,-2.97496294208385,3.07361099351033,9.95521967174959,-1.74419656345441,12.7070256487047,9.28903365598556,11.5318729245421
India,IND,High-technology exports (% of manufactured exports),TX.VAL.TECH.MF.ZS,..,..,..,..,..,..,..,..,..,..,..,..,..,..,..,..,..,..,..,..,..,..,..,..,..,..,..,..,..,..,..,..,..,..,..,..,..,..,..,..,..,..,..,..,..,..,..,..,..,9.56909614274288,7.73016032755592,7.87117262454535,7.70439427946636,8.87350364988968,9.22122174793918,8.02476917234515,7.66325704378624,7.36208114076572,9.04145168835151,10.2237396907979,11.0325638466576,10.2125596625118,12.6822794807287,14.9343472986716,18.5723946411049,..
India,IND,"Services, value added (% of GDP)",NV.SRV.TOTL.ZS,38.7824617546992,38.3258751959846,39.9358449722433,38.0951802993762,36.340821458647,37.4507381940725,36.4597966556112,34.6095555073409,35.054131363846,34.3058526097493,35.0468708624974,35.8036490825433,35.5216549188878,32.947705615035,33.6105959521083,35.1392413952858,35.8037232155147,34.6614496116454,34.9393647294725,35.5214147292532,33.8072587357083,33.8716186357614,34.8968372777428,34.5216006305407,35.4208160849618,36.1149997720489,36.9884678356446,37.4522794922894,36.7964455054322,37.2293979795496,37.0447851946481,37.7856900237179,37.9125681820607,38.4906849170226,37.4963023409284,37.8496681189619,37.709329473598,39.0795515246162,40.1325687271653,41.9657377868543,42.7329266435537,43.8089612621243,44.7288275521667,44.7046456542143,44.1148589722471,44.4429329227804,44.043235711462,44.0081579238245,45.8825499068249,45.9848828116978,45.0337495625601,45.4421452512796,46.3011472980511,46.6987147692338,47.8224137556558,47.7837481204463,47.7494012900074,47.6708899682407,48.4315663156522,50.0849578546822,47.9326881092162,47.8472234596709,47.1727519374304,47.5864648020094,47.9706270733631,49.337715077834
Italy,ITA,"Agriculture, forestry, and fishing, value added (% of GDP)",NV.AGR.TOTL.ZS,..,..,..,..,..,..,..,..,..,..,..,..,..,..,..,..,..,..,..,..,..,..,..,..,..,..,..,..,..,..,3.17863301808926,3.23538616255156,3.11425048353394,2.99504807113879,2.98808942565623,2.97421286113196,2.97232514692978,2.85874715868517,2.76539863771239,2.71812731131433,2.55763392992713,2.4818910807856,2.36532442144257,2.35238168739719,2.34229627595505,2.03006110909468,1.94158568418969,1.89414967924379,1.87300893559166,1.80208177882956,1.76928173132246,1.84910093882918,1.90886941227517,2.05779366637333,1.90848213125891,1.99152552817849,1.84915248302101,1.89343264776643,1.85755612561626,1.81866879873849,1.9280162015612,1.83339290794707,1.89037175125669,1.8596431753596,2.00789616423237,2.06549575303668
Italy,ITA,"Industry (including construction), value added (% of GDP)",NV.IND.TOTL.ZS,..,..,..,..,..,..,..,..,..,..,..,..,..,..,..,..,..,..,..,..,..,..,..,..,..,..,..,..,..,..,27.9154589385861,27.016744353871,26.5507747897033,26.2423320827198,26.2363167000821,26.2205976673486,25.7954461074227,25.3987976896179,25.1213136254697,24.4846480789728,24.1021086902835,23.8448641171014,23.7128374796933,23.1424281792157,23.0557086867301,22.8922792357491,23.0039063656952,23.4052972949308,23.2117440039014,21.3840948097691,21.369080166955,21.2407342221272,20.7948320119101,20.6001539419293,20.1870844682284,20.2895283210976,20.6626457226581,20.7926142437946,20.9865490224579,21.0122984359559,20.9642039077686,22.5572771105288,23.2791441111799,23.667517226973,22.7249414086413,22.6402202928573
Italy,ITA,"Manufacturing, value added (% of GDP)",NV.IND.MANF.ZS,..,..,..,..,..,..,..,..,..,..,..,..,..,..,..,..,..,..,..,..,..,..,..,..,..,..,..,..,..,..,20.2220782871819,19.2849530810774,18.7600199301472,18.5802801407068,18.8606504667096,19.1851378401001,18.8433564108227,18.6273641401322,18.5398588643678,17.9766594989579,17.6729403519213,17.1970447411482,16.8295128748527,16.1342045725768,15.8737994184263,15.5229654911425,15.572836404605,15.9581664960139,15.4805310981416,13.6576018738131,14.1630798629891,14.1319079197052,13.7582342074538,13.7593478951288,13.8362218969996,14.2623447666015,14.6638600182643,14.8167748451842,14.9480712750382,14.8032822287955,14.477256120151,15.365300568128,15.3822538780623,15.4675191310732,15.0837463156744,15.0015896468486
Italy,ITA,"Manufacturing, value added (annual % growth)",NV.IND.MANF.KD.ZG,..,..,..,..,..,..,..,..,..,..,..,..,..,..,..,..,..,..,..,..,..,..,..,..,..,..,..,..,..,..,..,-0.206326324902989,-0.345131643263073,-2.68670447495523,6.85140424977158,4.99417381118799,-0.420149358863469,1.07972758319144,1.4204514551877,-0.232311954412808,2.89693661190789,-0.270073081671413,-0.405700337676222,-2.44208421105779,1.53334037755594,0.247638478970202,4.85017736068376,3.20390052949324,-3.32600117275412,-18.9060278068339,9.8553485009363,1.96388375602574,-3.96582271331449,-0.977009137066844,-0.196704553980041,2.50441049686508,2.0231847523013,3.66841889895018,1.0274985509497,0.154530444427834,-13.7092899997502,15.62592675162,2.64985637683286,-1.03941786744922,0.879651801560684,-0.280688648882617
Italy,ITA,High-technology exports (% of manufactured exports),TX.VAL.TECH.MF.ZS,..,..,..,..,..,..,..,..,..,..,..,..,..,..,..,..,..,..,..,..,..,..,..,..,..,..,..,..,..,..,..,..,..,..,..,..,..,..,..,..,..,..,..,..,..,..,..,6.73296300131478,6.67785706953952,7.80028749421402,8.01620176122679,7.97152825700225,7.59501140176072,7.77207145281516,7.73691381710463,8.15204658018138,8.29074616964551,7.8052686500986,7.47655885813922,7.75802459594121,8.587243012964,7.77024565516253,9.15916231271025,9.9836968942283,12.2827088504022,..
Italy,ITA,"Services, value added (% of GDP)",NV.SRV.TOTL.ZS,..,..,..,..,..,..,..,..,..,..,..,..,..,..,..,..,..,..,..,..,..,..,..,..,..,..,..,..,..,..,60.2822737557118,60.5998844478969,60.9578754634707,61.7180735357165,61.6662595970338,61.1903494413899,61.8576230446824,61.8940643869426,61.8293621558268,62.3266686747914,62.9607753946554,63.702841559193,63.9492983627049,64.8501700031299,64.6815651520198,65.02391377712,64.4423662008526,64.324004009337,64.9396356603088,66.8187271211764,66.4497865718155,66.2096070490808,66.4231181546189,66.5056088758581,66.7725633816902,66.682063975246,66.3771213146536,66.2798589618875,66.170569852449,66.0942211230759,66.7072551997983,64.8364560164046,64.5973224396351,64.3081181311219,64.6729437802698,64.5143614484488
France,FRA,"Agriculture, forestry, and fishing, value added (% of GDP)",NV.AGR.TOTL.ZS,10.1484983970751,8.71811104626433,9.42435111401664,8.46106644330133,7.65134955635797,7.45518882827474,7.2562559484233,7.22912170874241,6.99929805727027,6.36707415175108,6.32350889683139,5.79288542322588,6.4680166974781,6.45671939248342,5.13052303762004,4.55482828580346,4.30557383613474,4.08042323446105,3.9496921083797,3.91512497382701,3.41563785088454,3.33926677836126,3.84065071640816,3.3955486373867,3.16593850567096,3.15221803900914,3.05818780099865,2.92256792569356,2.69305175565178,2.95985320818883,2.97794544466016,2.47177542612757,2.45934288583764,2.17161277383409,2.27070751919673,2.313383133861,2.27526049667286,2.21545959227374,2.2355571969051,2.11672166680524,1.98449655121117,2.00226015670254,1.90378389721189,1.74560664256609,1.72018557547967,1.58270403235962,1.42706409375236,1.516727357675,1.42030674677991,1.23241577481447,1.50088040274637,1.55137276231397,1.52594468949115,1.36140137870511,1.46154600121993,1.50360116027898,1.33798472564444,1.43496006533197,1.53110170543578,1.40828485472535,1.4604342657704,1.46334541457898,1.72017137018833,1.48475796304424,1.29979455802577,1.40317576023592
France,FRA,"Industry (including construction), value added (% of GDP)",NV.IND.TOTL.ZS,30.5286971812109,30.8733542381767,30.2173260066788,29.808073016489,30.2790130795825,30.334820018114,30.0882341858546,29.7003580132179,29.1793463674464,28.6788577010371,28.9766358961531,29.4232488865503,28.8364106094476,29.1346690240325,28.6655276009578,28.5447265189361,28.075657498364,27.9882806330353,27.877720559095,27.4718332959011,27.5913652560695,26.8559583570433,26.2398947053677,26.0175408553799,25.5372144092818,25.3875453201799,25.2533746453386,24.8367495385773,24.7676790213138,24.1813621119171,24.2604514974883,24.1056100063445,23.8216479064175,22.8413890750632,21.9975968498169,22.0978884207182,21.4400191439483,21.3331682263948,21.2369948963008,21.0112547199294,21.1286830497341,20.764024725913,20.3641075404744,19.9232786673445,19.6686920294036,19.3552308487449,19.0188918781413,18.8988946301681,18.6335203970131,18.0198241569733,17.5945885002022,17.6800048726048,17.4684347699959,17.5699939241217,17.3416195349368,17.236441547058,16.9433572396904,16.7483032647876,16.725283255726,16.907003960354,16.272651205236,16.0877289574672,15.769153788105,18.1109847493837,17.2101481972036,16.7769964006735
France,FRA,"Manufacturing, value added (% of GDP)",NV.IND.MANF.ZS,22.7508121843739,22.8955516207848,22.1190169090234,21.9666245490497,21.9532764375524,21.6669387282263,21.5092555339329,21.0368206806077,20.5030245473502,20.094108225357,20.1048987491361,20.3299807644202,19.7079746185957,20.1133020217561,20.3251354047478,19.6765687899243,19.597279355469,19.50138068463,19.2614483073493,18.7595851460085,18.3660519735897,17.8904066813867,17.30126225117,17.3058896045025,17.0706612805483,17.1175905333003,16.7595530607568,16.3148197935927,16.1868202523802,15.9981939227422,16.0260477551757,15.7401649192442,15.4114451534123,14.8693038816269,14.4886732749034,14.7047163525134,14.2826669078907,14.5272369069526,14.5072158307965,14.3120658166732,14.3878392198042,13.9296551551957,13.4598053740839,12.9922663496214,12.5672208197628,12.1452500973725,11.6390346197616,11.579923857885,11.067976542911,10.5216742580302,10.2775341468866,10.3132840454103,10.2470795796382,10.2533499274342,10.1814983481472,10.3199116417468,10.1652320223789,10.0100515756887,9.88620521645328,9.91095000638926,9.24566710385932,9.09582515832787,9.3013624882498,9.7687049703675,9.56647520690692,9.48622447878377
France,FRA,"Manufacturing, value added (annual % growth)",NV.IND.MANF.KD.ZG,..,5.88343188030782,6.91197973419762,9.24607951941991,6.22525089985855,5.71884974432425,7.04304358322565,3.18892493018382,5.5676123229305,9.38476958544989,9.26343237218956,6.99656703353588,1.35453401763191,6.12571082788662,8.08910571121216,-3.73089276191895,6.15565917328931,3.8271728632059,1.3523726737036,1.97597479112571,0.0489239348587205,-0.835928891171704,0.0042160071250521,1.79948160355093,0.0803117812798035,1.19994147708296,-0.475847994421557,0.054217123807291,4.51012152280028,4.52253408967329,3.62793875994802,0.390661689308985,0.736278101614246,-1.95108609669408,3.2773006038783,4.51301124647361,1.18006061897201,4.81664519262632,5.10098099080642,3.93707970103627,5.24761206224625,1.03963261185297,-0.428522513520591,2.34607346478029,2.47138006235936,1.73491493370403,2.67394318067267,2.27139254188435,-3.02800645049352,-6.60087108828817,2.27133825412051,3.82455910150649,-0.769685499975054,0.25190695270571,1.41618362746827,0.356375176099817,0.457454679650567,2.02677485736717,1.86216814051907,1.92689144612159,-8.90645725163166,8.63333552611014,-3.72509929360673,2.78051006574889,2.32105143916648,0.420484237673492
France,FRA,High-technology exports (% of manufactured exports),TX.VAL.TECH.MF.ZS,..,..,..,..,..,..,..,..,..,..,..,..,..,..,..,..,..,..,..,..,..,..,..,..,..,..,..,..,..,..,..,..,..,..,..,..,..,..,..,..,..,..,..,..,..,..,..,20.1428349498868,21.4617976728355,24.123557619924,26.3233800074675,25.1193585926138,26.6906319566323,27.1817177565412,27.4702736686884,28.2116908505326,27.9331801598168,26.0180218998669,25.9347849255776,26.9265976407414,21.1920405248012,22.305003085565,21.9264611257156,22.3835449721792,23.1371073769038,..
France,FRA,"Services, value added (% of GDP)",NV.SRV.TOTL.ZS,47.0089099038245,48.0709841433136,48.0104952559323,49.1507858011575,49.2998007557345,49.6716831307791,50.1744870833369,50.877481171115,52.4930321861387,52.3895157583245,52.7604469821967,52.9654133349435,52.7441516283651,53.142573397756,55.0250742386558,55.949557951374,56.2996194137897,57.4048920196692,57.256282402783,57.168256987619,58.0137666156999,58.9547930136459,58.8797978354108,59.5639407246066,60.2437105603287,60.2329587652233,60.7715470125247,61.2999856972497,61.5071738382535,62.0646415882154,62.2214540044453,62.9999732184002,63.7285334155596,65.0405000323394,65.17632649832,64.9867639081946,65.334818208275,65.5661854993513,65.6579695608228,66.0353668571363,66.4177882404231,67.0215216824266,67.5410421037319,68.1890446774506,68.3406837903041,68.7116075234513,68.9051445140813,69.1752306377863,69.7683271007528,70.8157987420656,70.7106511172851,70.2766502820806,70.3954825743036,70.4096711493974,70.4282438710721,70.3090113135195,70.602995081322,70.3851824021717,70.1367025071467,70.1101608629661,70.9770173200242,70.6735726050728,71.7575436778909,70.2119038407892,70.9141844211851,70.8514738300024
United Kingdom,GBR,"Agriculture, forestry, and fishing, value added (% of GDP)",NV.AGR.TOTL.ZS,..,..,..,..,..,..,..,..,..,..,..,..,..,..,..,..,..,..,..,..,..,..,..,..,..,..,..,..,..,..,1.27440638130956,1.25016374315936,1.23987354389515,1.25089299086945,1.29313777851733,1.23005517468866,1.0706987343601,0.94602306218109,0.934878600404466,0.856765899800043,0.805152979066022,0.758425159620422,0.899764449050179,0.831206604029142,0.741442331384033,0.547158772249259,0.575070361550119,0.553318266269432,0.669821878060213,0.680900728162344,0.565712301782542,0.704214809469773,0.62478654917094,0.640890919985333,0.737947357586346,0.633552833586443,0.590496095532871,0.606135163563991,0.563097756036101,0.576929649470186,0.683760683760684,0.698210493866494,0.681106058275464,0.648180849687737,0.640268322678911,0.639963472014016
United Kingdom,GBR,"Industry (including construction), value added (% of GDP)",NV.IND.TOTL.ZS,..,..,..,..,..,..,..,..,..,..,..,..,..,..,..,..,..,..,..,..,..,..,..,..,..,..,..,..,..,..,27.6255190661276,26.9180761027585,26.525054524897,25.9404061412904,26.4692238015234,24.4537214549648,24.5828357645338,23.7167188815479,23.0656239903311,22.5661514415889,22.6809648077092,21.7733033648489,21.2370024258232,20.8760857408543,20.2198255952825,20.2645432136421,20.1946444035506,19.7229026460162,20.0744967754056,18.7333630455206,18.5566755103695,18.3010218899425,18.2827169299324,18.592711752238,18.3478341562377,18.1397353548933,17.6677948178206,17.8215277161884,18.0023660420923,17.8736338534045,17.4957170827215,16.9553165949957,16.8198596717719,17.6714033030008,17.0865837277153,16.4889776210162
United Kingdom,GBR,"Manufacturing, value added (% of GDP)",NV.IND.MANF.ZS,..,..,..,..,..,..,..,..,..,..,..,..,..,..,..,..,..,..,..,..,..,..,..,..,..,..,..,..,..,..,16.5736049818654,16.1718404978039,15.9551719059167,15.5930589741343,16.3109214220151,15.3638757265291,15.1616282238901,14.9795678631751,14.4475889605546,13.8429600077193,13.2927633990762,12.5032376045377,12.0650803669037,11.5481005178606,10.9147243364129,10.5616323261232,10.151074366746,9.71451845006441,9.62129349520071,9.29245449386144,9.44927062659089,9.32683411729129,9.37476041233473,9.5981044921613,9.44084101572958,9.38451755587091,9.13168940843145,9.04234267998333,9.01545847936897,8.98151366135499,9.08180842652208,8.73281920838765,7.9613351523025,8.22392851588786,7.9734900624048,7.67758788970943
United Kingdom,GBR,"Manufacturing, value added (annual % growth)",NV.IND.MANF.KD.ZG,..,..,..,..,..,..,..,..,..,..,..,..,..,..,..,..,..,..,..,..,..,..,..,..,..,..,..,..,..,..,..,-4.86187749657817,-0.114516842284345,1.39162301009274,4.88975187865273,1.54329444624473,1.0042821245388,4.54290412717171,5.08489761193493,4.65939357407954,5.11816103000756,3.77034956563038,3.68865442880207,4.00263595242197,1.99458468128067,2.00754638216401,7.99120678886736,0.982477979187408,1.88490542191948,-7.08714383688016,-0.931205985803416,-1.92864738600761,2.87919538548394,4.22663668490952,2.96522478649162,2.22775617359329,-1.07223930247615,1.73160589198118,4.79970098509281,1.26335105711732,-0.824856489949582,5.36298150422621,-2.58247772126299,1.83343024450828,0.649918867049465,-0.762487818975387
United Kingdom,GBR,High-technology exports (% of manufactured exports),TX.VAL.TECH.MF.ZS,..,..,..,..,..,..,..,..,..,..,..,..,..,..,..,..,..,..,..,..,..,..,..,..,..,..,..,..,..,..,..,..,..,..,..,..,..,..,..,..,..,..,..,..,..,..,..,20.8808205935258,20.6167865586516,20.4685287071557,23.3036586296348,23.3057218186911,23.460196722755,23.5876424891453,22.2044750130662,22.3335907744673,23.5591126028431,22.6194649609659,22.3331118559009,23.0942001089205,23.0073604990707,23.8654057182193,27.1597708192348,28.8917146113567,29.233260009076,..
United Kingdom,GBR,"Services, value added (% of GDP)",NV.SRV.TOTL.ZS,..,..,..,..,..,..,..,..,..,..,..,..,..,..,..,..,..,..,..,..,..,..,..,..,..,..,..,..,..,..,68.6997761798877,68.8976415429205,69.8491731258461,70.7441526053574,70.7420965759344,65.0368864491573,65.2270281925857,65.7904373217991,66.1560983003658,66.3487232105411,66.2639544009146,67.4714178187324,67.8785179877554,68.3567233952897,69.0003262647657,69.2939029352595,69.3450963411994,69.7684969475985,69.7952274879121,71.6961918167506,71.0022471298192,70.317944602966,70.5149769879678,70.0609589776152,70.1536905900912,70.4682430021328,70.9168452005357,70.8096710791704,70.7503687442985,70.9760621688525,72.1096426823299,72.1686675403806,72.4836484564399,72.4231913505155,72.5047069906939,73.098046259352
Germany,DEU,"Agriculture, forestry, and fishing, value added (% of GDP)",NV.AGR.TOTL.ZS,..,..,..,..,..,..,..,..,..,..,..,..,..,..,..,..,..,..,..,..,..,..,..,..,..,..,..,..,..,..,..,1.06998573771213,0.988835539128248,0.977841510464679,0.993351541332521,1.03224855652577,1.06716928692911,1.03610244105776,0.97744658336259,0.96089041227783,0.996168402468,1.08333750848315,0.901338514680484,0.829342960804352,0.948871367267906,0.72605784900095,0.716599757643703,0.822076767549622,0.837028054130878,0.670417045914746,0.775984032180357,0.924638957956395,0.911412934754651,0.927130138706706,0.915606456087681,0.708512712866412,0.730531013610999,0.860007620510574,0.742451289010288,0.833126017731138,0.728659526127881,0.753895620719434,0.994638278032481,0.929156663056282,0.914397651173374,0.871426941482043
Germany,DEU,"Industry (including construction), value added (% of GDP)",NV.IND.TOTL.ZS,..,..,..,..,..,..,..,..,..,..,..,..,..,..,..,..,..,..,..,..,..,..,..,..,..,..,..,..,..,..,..,33.2746715589874,32.2506126125072,30.2510612630453,29.7812863842613,29.3111325154085,28.3727236902145,28.0890919997153,27.9112994545841,27.2730642583428,27.2536461219162,26.5785482320897,25.7983862262522,25.6207353590889,25.8386247078115,25.6870805044481,26.2600466577088,26.4597084438011,26.0432629920287,23.8380974911486,26.0371435344861,26.2795286339924,26.5450401531822,25.8779408891742,25.9859539549736,25.8737038512745,26.1732405694774,25.9754703565139,25.8506477811784,25.5415743169893,25.2353421894561,25.1570468778005,25.560348825259,26.7958505063624,25.6229541900267,25.1588063294339
Germany,DEU,"Manufacturing, value added (% of GDP)",NV.IND.MANF.ZS,..,..,..,..,..,..,..,..,..,..,..,..,..,..,..,..,..,..,..,..,..,..,..,..,..,..,..,..,..,..,..,24.6243740614849,23.1660516173555,21.0481750827956,20.5015723441529,20.2170606285495,19.733013232671,19.8946207261156,20.0870291893923,19.7435058057807,20.2840359494004,20.0863572804744,19.4763331174439,19.5529741477412,19.7896242542651,19.7693607543503,20.3388454277918,20.5298911974573,19.7585042946302,17.3389014302498,19.4277050847717,20.1229017332202,20.0472978765968,19.7600541430605,20.1102373285709,20.1379643216943,20.4130244960425,20.092676209306,19.8054472442,19.3094694228334,18.52749571104,18.5726195842861,18.3217735042199,18.9402532641593,18.0067082931968,17.613151047784
Germany,DEU,"Manufacturing, value added (annual % growth)",NV.IND.MANF.KD.ZG,..,..,..,..,..,..,..,..,..,..,..,..,..,..,..,..,..,..,..,..,..,..,..,..,..,..,..,..,..,..,..,..,-2.7671503836084,-8.0786882784316,2.83920744070957,-0.443952810329336,-2.70345580880824,4.01031314910828,1.15670639603569,1.12986539495977,7.06690002820029,1.47095911787328,-2.8744903681721,1.12259385419009,3.92329905961833,1.62660863288018,8.65981844889876,4.5289658712705,-2.06120563054823,-19.9183926891103,19.5762933124777,9.01547379255385,-1.73832531984878,-0.0523402340838288,5.56137427361334,0.932632085478645,3.89265748537912,3.31157158117495,1.25469388390074,-1.40195425461175,-8.26529634056256,9.1200002502612,1.99780092594584,-1.59029699293619,-4.28193177411704,-0.982449504694088
Germany,DEU,High-technology exports (% of manufactured exports),TX.VAL.TECH.MF.ZS,..,..,..,..,..,..,..,..,..,..,..,..,..,..,..,..,..,..,..,..,..,..,..,..,..,..,..,..,..,..,..,..,..,..,..,..,..,..,..,..,..,..,..,..,..,..,..,15.4623925898068,15.076241600562,16.7942910292468,16.8896855327149,16.3417186285114,17.2272861923698,17.2979906043683,17.2097149731509,17.8243752766447,18.0827014214761,15.850578794452,15.7474335584013,16.3869405629417,15.5031959869375,15.3851048227765,17.4981505573659,17.7818374796623,17.9772990379432,..
Germany,DEU,"Services, value added (% of GDP)",NV.SRV.TOTL.ZS,..,..,..,..,..,..,..,..,..,..,..,..,..,..,..,..,..,..,..,..,..,..,..,..,..,..,..,..,..,..,..,56.5301173026055,57.5807215668844,59.385776229984,59.4130096516904,60.1563741822067,60.9828576761936,61.35813702864,61.5214779138708,61.7317209373977,61.6837429448832,62.4078923995573,63.4128526194588,63.5131046362699,63.442809545407,63.6742328149253,63.0772242784954,62.2339530017072,62.5997574615337,64.656391215612,62.7061554109343,62.0438601919976,61.8201108856563,62.3613630655019,62.2965551672491,62.6076196214484,62.3594067369594,62.4900468331378,62.7863181160328,63.0067735661299,63.8751333055131,63.5453543127468,63.4806825103587,63.6154489715143,64.0456505820091,64.459664735979
Japan,JPN,"Agriculture, forestry, and fishing, value added (% of GDP)",NV.AGR.TOTL.ZS,..,..,..,..,..,..,..,..,..,..,..,..,..,..,..,..,..,..,..,..,..,..,..,..,..,..,..,..,..,..,..,..,..,..,1.79866740812433,1.57754581279154,1.57804096055877,1.43902367717129,1.50363332498932,1.45485802379336,1.38720503030209,1.26721780448523,1.27479663435206,1.20761175062494,1.1538358664365,1.04909848652326,1.03356481909702,1.01665328916647,1.03017612646277,1.07479207956878,1.11140166338783,1.10595400106158,1.13661659778411,1.07559314069116,0.991053653091654,1.0203205987902,1.10437494356716,1.10813828591854,1.01125619011391,0.981152004588712,1.00457628073053,0.938649382602401,0.848657019671377,0.825345395457711,0.958270395726444,..
Japan,JPN,"Industry (including construction), value added (% of GDP)",NV.IND.TOTL.ZS,..,..,..,..,..,..,..,..,..,..,..,..,..,..,..,..,..,..,..,..,..,..,..,..,..,..,..,..,..,..,..,..,..,..,34.7566521768051,34.5905050529424,34.7061363947173,34.219827117921,33.4072084873294,32.589924380335,32.4849446479797,31.338109630403,30.3935755463843,30.0319230918663,29.8608524970629,29.4199207570287,29.4082313723024,29.5986878481065,29.0459232249266,27.5050329250321,28.8406153923357,27.2220248951395,27.15018151792,27.1266358606582,28.0999841731293,29.3111606151366,29.3147155622977,29.4414450761698,29.4467134085972,29.1175822523162,28.9859809440754,28.4504840570129,27.0576060274173,27.6517978744645,26.7781043350478,..
Japan,JPN,"Manufacturing, value added (% of GDP)",NV.IND.MANF.ZS,..,..,..,..,..,..,..,..,..,..,..,..,..,..,..,..,..,..,..,..,..,..,..,..,..,..,..,..,..,..,..,..,..,..,23.3942735622229,23.5351858526661,23.4553928863758,23.2960749076269,22.6971824245726,22.0358239012363,22.1763071711397,21.1341691111698,20.5834886703527,20.7289803810477,20.9682846642218,21.0747523378016,21.1496838498907,21.7466002143705,21.2913565701219,19.0562872563114,20.8748350451523,19.681527391438,19.7322355919965,19.1807146120723,19.4077759157435,20.0740179719411,20.02776765534,20.1439342864069,20.3304380979824,20.0537040210689,19.7836247262101,19.6763666364,18.8237454364041,19.4882904000273,18.817440470747,..
Japan,JPN,"Manufacturing, value added (annual % growth)",NV.IND.MANF.KD.ZG,..,..,..,..,..,..,..,..,..,..,..,..,..,..,..,..,..,..,..,..,..,..,..,..,..,..,..,..,..,..,..,..,..,..,..,5.14572961820213,4.54048847887898,1.74489001875983,-4.93248353740778,-2.08991462083439,5.95273407090457,-3.8993064419593,-2.02178491664071,3.68922350303646,5.27250794320445,3.61948355411118,3.97538486330239,5.43475312779699,0.213696022461036,-17.1677722893908,16.8868784891159,-3.19107736854714,2.03364632237873,-1.45649123076097,2.90311848855738,2.09407454043232,0.866486295294223,4.2332505930131,3.74991082964102,-0.888080771039498,-6.11724723874256,6.20913005400672,2.41972750901461,-1.20396547111564,-5.78360441989513,..
Japan,JPN,High-technology exports (% of manufactured exports),TX.VAL.TECH.MF.ZS,..,..,..,..,..,..,..,..,..,..,..,..,..,..,..,..,..,..,..,..,..,..,..,..,..,..,..,..,..,..,..,..,..,..,..,..,..,..,..,..,..,..,..,..,..,..,..,20.0653051826321,18.8248542197178,20.4459731275094,19.1226872782363,18.392253763449,18.2382479591573,17.7587589107099,17.7805347199635,18.0454889300336,17.620423854837,17.5942774665502,17.2970528139362,17.0303844450023,18.6333487896777,18.0039913482614,18.2592615351902,17.1028060703212,17.5547415163067,..
Japan,JPN,"Services, value added (% of GDP)",NV.SRV.TOTL.ZS,..,..,..,..,..,..,..,..,..,..,..,..,..,..,..,..,..,..,..,..,..,..,..,..,..,..,..,..,..,..,..,..,..,..,63.2891046553688,63.6501080565061,63.5402915156842,64.3065172046508,65.1135644132935,65.9021009082261,66.0849901397658,67.3311068334366,68.2281887665978,68.6042068471505,68.844243193616,69.2252968634045,69.1493730645287,69.0708889987001,69.5066554121323,71.099165194287,69.701371938191,71.1728811394774,71.1826871458956,71.1702169629463,70.1855454477301,69.215676593242,69.3208957452067,69.1059936048868,69.1196838814134,69.5171709470165,69.7820184437325,70.064497929455,71.1191098111371,70.7921491218815,71.4295377357598,..
,,,,,,,,,,,,,,,,,,,,,,,,,,,,,,,,,,,,,,,,,,,,,,,,,,,,,,,,,,,,,,,,,,,,,
,,,,,,,,,,,,,,,,,,,,,,,,,,,,,,,,,,,,,,,,,,,,,,,,,,,,,,,,,,,,,,,,,,,,,
,,,,,,,,,,,,,,,,,,,,,,,,,,,,,,,,,,,,,,,,,,,,,,,,,,,,,,,,,,,,,,,,,,,,,
Data from database: World Development Indicators,,,,,,,,,,,,,,,,,,,,,,,,,,,,,,,,,,,,,,,,,,,,,,,,,,,,,,,,,,,,,,,,,,,,,
Last Updated: 07/13/2026,,,,,,,,,,,,,,,,,,,,,,,,,,,,,,,,,,,,,,,,,,,,,,,,,,,,,,,,,,,,,,,,,,,,,
